,M,D,K,P,K,R,K,E,A,V,I,I,M,N,V,A,A,H,H,G,S,E,L,N,G,E,L,L,L,N,S,I,Q,Q,A,G,F,I,F,G,D,M,N,I,Y,H,R,H,L,S,P,D,G,S,G,P,A,L,F,S,L,A,N,M,V,K,P,G,T,F,D,P,E,M,K,D,F,T,T,P,G,V,T,I,F,M,Q,V,P,S,Y,G,D,E,L,Q,L,F,K,L,M,L,Q,S,A,Q,H,I,A,D,E,V,G,G,V,V,L,D,D,Q,R,R,M,M,T,P,Q,K,L,R,E,Y,Q,D,I,I,R,E,V,K,D,A,N,A
K,0.6518722772598267,0.7633658051490784,0.6708275675773621,0.5290603041648865,0.5879555344581604,0.49077531695365906,0.5965890288352966,0.513926088809967,0.4698631167411804,0.5082100033760071,0.42357203364372253,0.5697334408760071,0.5934779047966003,0.5689563751220703,0.6190658211708069,0.4743114709854126,0.3922500014305115,0.3066929876804352,0.44787415862083435,0.3186207413673401,0.4167535901069641,0.5274002552032471,0.600409984588623,0.533963143825531,0.524875283241272,0.4653087854385376,0.4937727749347687,0.5392247438430786,0.510097324848175,0.5262023210525513,0.5295767188072205,0.7647908926010132,0.4183982312679291,0.388720840215683,0.3842802047729492,0.3866656422615051,0.4419490098953247,0.538762629032135,0.5062091946601868,0.5914952158927917,0.6036242842674255,0.6661520004272461,0.546058714389801,0.7234646677970886,0.30727896094322205,0.5523091554641724,0.4669792354106903,0.40392476320266724,0.45180878043174744,0.4718019366264343,0.7546884417533875,0.5642111301422119,0.46421676874160767,0.6406751871109009,0.3987431526184082,0.5651534199714661,0.44455403089523315,0.6590135097503662,0.44274425506591797,0.5938264727592468,0.5777033567428589,0.4751220941543579,0.43763232231140137,0.5753436088562012,0.6512604355812073,0.5953212976455688,0.37678012251853943,0.2018139660358429,0.6313962936401367,0.45312032103538513,0.6876065135002136,0.5200603604316711,0.7069981098175049,0.5936870574951172,0.6552467346191406,0.641000509262085,0.5613712072372437,0.38416656851768494,0.18207375705242157,0.6169771552085876,0.4592365324497223,0.5793892741203308,0.47972026467323303,0.5659408569335938,0.47628650069236755,0.5880768895149231,0.5457978844642639,0.541933000087738,0.6342104077339172,0.3442628085613251,0.4853304326534271,0.6726193428039551,0.6453094482421875,0.5186170935630798,0.5081765055656433,0.5239664912223816,0.7186754941940308,0.5571835041046143,0.7007761001586914,0.5805278420448303,0.6461381912231445,0.7710490822792053,0.4978622794151306,0.1761305034160614,0.49828314781188965,0.5332737565040588,0.5427643656730652,0.5341309905052185,0.6110339760780334,0.2911559045314789,0.3674909472465515,0.4820360541343689,0.5295354127883911,0.04011284559965134,0.6828612089157104,0.5021531581878662,0.6747700572013855,0.4750705063343048,0.5326877236366272,0.39890071749687195,0.7399027347564697,0.7028750777244568,0.629010796546936,0.48693108558654785,0.4918416738510132,0.6898707151412964,0.3289090692996979,0.5227426886558533,0.6230340600013733,0.5364286303520203,0.6626821160316467,0.34945473074913025,0.5161541104316711,0.516590416431427,0.43010905385017395,0.5579270720481873,0.4523587226867676,0.449508398771286,0.3201001286506653,0.5497222542762756,0.4545247554779053,0.369773268699646,0.4717322587966919,0.42002207040786743
E,0.6735178232192993,0.7850112915039062,0.6924731135368347,0.5507058501243591,0.6096010208129883,0.5124208927154541,0.6182345151901245,0.5355715751647949,0.4915085732936859,0.529855489730835,0.445217490196228,0.5933540463447571,0.6170985102653503,0.5906018614768982,0.6407113671302795,0.4959569275379181,0.4138956069946289,0.32833847403526306,0.47149473428726196,0.3402661979198456,0.44037410616874695,0.5490458011627197,0.6220554709434509,0.5556086301803589,0.548495888710022,0.4889293909072876,0.5173933506011963,0.5608702898025513,0.5337178707122803,0.5478478074073792,0.5512222051620483,0.7864364385604858,0.44004368782043457,0.4103662967681885,0.4059256613254547,0.40831124782562256,0.4655695855617523,0.5604081153869629,0.5278546214103699,0.6131406426429749,0.6272448897361755,0.6877975463867188,0.5677042007446289,0.7451101541519165,0.3289245665073395,0.573954701423645,0.48862478137016296,0.42754536867141724,0.4734542667865753,0.4954225420951843,0.7763340473175049,0.585856556892395,0.4878373146057129,0.6623206734657288,0.42038869857788086,0.5867988467216492,0.4661995470523834,0.6826340556144714,0.4663647711277008,0.6154720187187195,0.5993489027023315,0.4967676103115082,0.45927780866622925,0.5969891548156738,0.6729059219360352,0.6169668436050415,0.3984256088733673,0.22345943748950958,0.6530418395996094,0.4747658371925354,0.7092519998550415,0.5436809062957764,0.7286436557769775,0.6153326034545898,0.6788672208786011,0.6626459956169128,0.5830166339874268,0.4058121144771576,0.20371930301189423,0.6386227011680603,0.48088207840919495,0.6010347604751587,0.5013657808303833,0.589561402797699,0.4979320466518402,0.6097224354743958,0.5674434304237366,0.5635785460472107,0.6558559536933899,0.36590829491615295,0.5089510083198547,0.6942648887634277,0.6669549942016602,0.5402625799179077,0.5298219919204712,0.5475870966911316,0.7403210401535034,0.5788290500640869,0.7224215865135193,0.602173388004303,0.6677837371826172,0.792694628238678,0.5214828848838806,0.19777607917785645,0.5199285745620728,0.5568943619728088,0.5663849115371704,0.5557764172554016,0.6326794624328613,0.31280145049095154,0.39111146330833435,0.5036816000938416,0.5511809587478638,0.06175830587744713,0.7045066952705383,0.5257737636566162,0.6964154839515686,0.49869105219841003,0.5543332695960999,0.42054617404937744,0.7615482211112976,0.7245205044746399,0.6506562829017639,0.5085766315460205,0.5134871602058411,0.7115162014961243,0.35055452585220337,0.5463632941246033,0.6466545462608337,0.5600492358207703,0.6843276619911194,0.3711002767086029,0.5377996563911438,0.540211021900177,0.4517545998096466,0.5815476179122925,0.47400417923927307,0.473129004240036,0.3417455852031708,0.5713676810264587,0.4781453609466553,0.3914187252521515,0.4953528344631195,0.44364267587661743
P,0.8214735984802246,0.9329671263694763,0.84042888879776,0.6986616253852844,0.7575567960739136,0.6603766679763794,0.7661902904510498,0.6835273504257202,0.6394643187522888,0.6778112649917603,0.5931733250617981,0.7413098216056824,0.7650542855262756,0.7385575771331787,0.7886671423912048,0.6439127326011658,0.5618513226509094,0.47629424929618835,0.6174754500389099,0.48822200298309326,0.5883299112319946,0.6970015168190002,0.7700112462043762,0.7035644054412842,0.6964516639709473,0.6368851661682129,0.663374125957489,0.7088260054588318,0.6816736459732056,0.6958036422729492,0.6991779804229736,0.9343922138214111,0.5879994034767151,0.558322012424469,0.5538814663887024,0.5562669634819031,0.6115503311157227,0.708363950252533,0.6758104562759399,0.7610965371131897,0.7752006649971008,0.835753321647644,0.7156599760055542,0.8930659294128418,0.4768803119659424,0.7219103574752808,0.6365805268287659,0.5735260248184204,0.621410071849823,0.6433782577514648,0.9242898225784302,0.7338124513626099,0.6338180899620056,0.810276448726654,0.5683444738388062,0.734754741191864,0.6141553521156311,0.830589771270752,0.6123454570770264,0.7634277939796448,0.7473045587539673,0.6447233557701111,0.6072336435317993,0.7449448704719543,0.8208616971969604,0.7649226188659668,0.546381413936615,0.3714151680469513,0.8009976148605347,0.6227216124534607,0.8572077751159668,0.6896616816520691,0.8765994310379028,0.7632883191108704,0.8268230557441711,0.8106017708778381,0.730972409248352,0.5537678599357605,0.35167503356933594,0.7865784764289856,0.6288378238677979,0.7489905953407288,0.6493214964866638,0.7375171780586243,0.6458877921104431,0.7576781511306763,0.7153992652893066,0.7115342617034912,0.8038117289543152,0.5138640999794006,0.6549316644668579,0.842220664024353,0.8149106502532959,0.6882184147834778,0.6777777671813965,0.6935678124427795,0.8882766962051392,0.7267847061157227,0.8703773617744446,0.7501291632652283,0.8157395124435425,0.940650463104248,0.6694386005401611,0.34573182463645935,0.6678844094276428,0.7028750777244568,0.7143406271934509,0.7037322521209717,0.7806351780891418,0.46075719594955444,0.5370922088623047,0.6516373753547668,0.6991366147994995,0.2097141295671463,0.8524624705314636,0.6737295389175415,0.8443712592124939,0.6466467976570129,0.7022889852523804,0.5685020089149475,0.9095039963722229,0.8724763989448547,0.7986120581626892,0.656532347202301,0.6614429950714111,0.8594720363616943,0.49851036071777344,0.6943190693855286,0.794610321521759,0.7060299515724182,0.8322834372520447,0.5190560221672058,0.6857554316520691,0.6881667375564575,0.5997103452682495,0.7275283336639404,0.6219599843025208,0.6191096901893616,0.4897013306617737,0.719323456287384,0.6241260170936584,0.5393745303153992,0.6413335204124451,0.591598391532898
D,0.6117594242095947,0.7232529520988464,0.6307147741317749,0.48894748091697693,0.5478426814079285,0.4506624639034271,0.5564760565757751,0.47381314635276794,0.4297502040863037,0.46809712052345276,0.3834591805934906,0.5296205878257751,0.5533650517463684,0.5288435220718384,0.578952968120575,0.43419861793518066,0.35213714838027954,0.2665800452232361,0.4077613055706024,0.2785078287124634,0.3766407370567322,0.48728737235069275,0.5602971315383911,0.4938502311706543,0.48476243019104004,0.42519596219062805,0.45365992188453674,0.4991118311882019,0.46998438239097595,0.48608943819999695,0.48946380615234375,0.7246780395507812,0.37828528881073,0.3486078977584839,0.3441672623157501,0.3465527892112732,0.40183618664741516,0.4986497163772583,0.46609634160995483,0.5513822436332703,0.5635114312171936,0.6260392069816589,0.5059457421302795,0.6833517551422119,0.2671661376953125,0.5121963024139404,0.4268663823604584,0.3638119101524353,0.4116959571838379,0.4316890835762024,0.7145755887031555,0.52409827709198,0.42410382628440857,0.6005622744560242,0.35863029956817627,0.5250405073165894,0.40444114804267883,0.6189005970954895,0.40263131260871887,0.5537136197090149,0.5375904440879822,0.435009241104126,0.39751946926116943,0.5352307558059692,0.6111475825309753,0.5552084445953369,0.3366672694683075,0.161701038479805,0.5912834405899048,0.4130074679851532,0.6474936008453369,0.47994738817214966,0.666885256767273,0.5535742044448853,0.6151338219642639,0.600887656211853,0.5212582349777222,0.344053715467453,0.14196091890335083,0.5768643021583557,0.41912367939949036,0.5392763614654541,0.43960732221603394,0.525827944278717,0.4361736476421356,0.5479640364646912,0.5056850910186768,0.5018201470375061,0.5940976142883301,0.30414995551109314,0.445217490196228,0.6325064897537231,0.6051965951919556,0.4785042107105255,0.468063622713089,0.48385363817214966,0.6785626411437988,0.5170705914497375,0.6606631875038147,0.5404149889945984,0.6060253381729126,0.7309362888336182,0.4577494263648987,0.13601765036582947,0.4581702947616577,0.4931609034538269,0.5026515126228333,0.4940181076526642,0.5709210634231567,0.25104305148124695,0.3273780941963196,0.44192323088645935,0.4894225001335144,0.0,0.6427482962608337,0.46204033493995667,0.634657084941864,0.4349575638771057,0.4925748109817505,0.3587878346443176,0.6997898817062378,0.6627622246742249,0.5888978838920593,0.4468182325363159,0.4517287015914917,0.6497578024864197,0.28879621624946594,0.4826298654079437,0.5829210877418518,0.4963158071041107,0.6225693225860596,0.3093418776988983,0.4760412871837616,0.4764775037765503,0.389996200799942,0.5178140997886658,0.41224586963653564,0.4093955457210541,0.2799871861934662,0.5096094012260437,0.41441190242767334,0.32966041564941406,0.43161940574645996,0.3799092173576355
A,0.8609488010406494,0.9724422693252563,0.87990403175354,0.7381367683410645,0.7970320582389832,0.6998518109321594,0.8056654334068298,0.723002552986145,0.6789395809173584,0.7172865867614746,0.6326484680175781,0.7807850241661072,0.8045294284820557,0.7780328392982483,0.8281422257423401,0.6833879351615906,0.601326584815979,0.5157694816589355,0.6569506525993347,0.5276971459388733,0.6278051137924194,0.736476719379425,0.809486448764801,0.7430395483970642,0.7339518070220947,0.6743853092193604,0.702849268913269,0.7483012080192566,0.7191737294197083,0.7352787852287292,0.7386531829833984,0.9738674163818359,0.6274746656417847,0.5977972745895386,0.5933566689491272,0.5957422256469727,0.6510255336761475,0.7478391528129578,0.7152856588363647,0.800571620464325,0.8146758675575256,0.8752284646034241,0.7551352381706238,0.9325410723686218,0.516355574131012,0.7613856196403503,0.6760556697845459,0.6130012273788452,0.660885214805603,0.6828534603118896,0.963765025138855,0.7732874751091003,0.6732932329177856,0.8497516512870789,0.6078196167945862,0.7742298245429993,0.6536304950714111,0.8680899143218994,0.651820719242096,0.8029029369354248,0.7867798209190369,0.6841985583305359,0.6467087864875793,0.7844200730323792,0.8603368401527405,0.8043978214263916,0.585856556892395,0.4108904302120209,0.8404727578163147,0.6621967554092407,0.8966829776763916,0.7291368842124939,0.9160745739936829,0.8027635812759399,0.8662981390953064,0.8500769138336182,0.7704476714134216,0.5932430028915405,0.39115020632743835,0.8260536789894104,0.6683129668235779,0.788465678691864,0.6887967586517334,0.7750173211097717,0.6853629350662231,0.7971534132957458,0.7548742890357971,0.751009464263916,0.8432869911193848,0.5533393025398254,0.6944069266319275,0.8816958069801331,0.8543859124183655,0.7276936173439026,0.7172529697418213,0.7330429553985596,0.9277519583702087,0.7662599682807922,0.9098525047302246,0.7896042466163635,0.8552146553993225,0.9801255464553833,0.7089138031005859,0.38520699739456177,0.7073595523834229,0.7423502802848816,0.7538158893585205,0.7432073950767517,0.8201104402542114,0.5002323389053345,0.5765673518180847,0.6911125779151917,0.7386119365692139,0.24918928742408752,0.8919376730918884,0.7132047414779663,0.8838464617729187,0.6841470003128052,0.7417641878128052,0.6079771518707275,0.9489791989326477,0.9119515419006348,0.838087260723114,0.6960076093673706,0.7009181380271912,0.8989471793174744,0.5379855036735535,0.7337942719459534,0.8340855240821838,0.745505154132843,0.8717585802078247,0.5585311651229858,0.7252306342124939,0.7276419997215271,0.6391854882240295,0.7670034766197205,0.6614351868629456,0.6585848927497864,0.5291765928268433,0.7587987184524536,0.6636013388633728,0.5788496732711792,0.6808087229728699,0.6310735940933228
L,0.7607892751693726,0.8722826838493347,0.7797445058822632,0.6379772424697876,0.6968724131584167,0.5996922850608826,0.7055059671401978,0.6228429675102234,0.5787799954414368,0.6171268820762634,0.5324889421463013,0.6786503791809082,0.7023949027061462,0.6778732538223267,0.7279826998710632,0.583228349685669,0.5011669397354126,0.41560986638069153,0.5567910671234131,0.4275376498699188,0.5256704688072205,0.6363171339035034,0.7093268632888794,0.6428800225257874,0.6337922215461731,0.5742257237434387,0.6026897430419922,0.6481416821479797,0.6190142631530762,0.6351191997528076,0.6384936571121216,0.8737078309059143,0.5273151397705078,0.49763771891593933,0.49319708347320557,0.49558258056640625,0.5508659482002258,0.6476795673370361,0.6151260733604431,0.7004120945930481,0.7125412225723267,0.7750689387321472,0.6549756526947021,0.832381546497345,0.41619589924812317,0.6612260341644287,0.575896143913269,0.5128416419029236,0.5607256889343262,0.5807188749313354,0.8636053800582886,0.6731280088424683,0.5731337070465088,0.7495920062065125,0.5076600909233093,0.6740702986717224,0.5534709095954895,0.7679303884506226,0.5516611933708191,0.702743411064148,0.68662029504776,0.5840389728546143,0.5465492606163025,0.6842605471611023,0.7601773142814636,0.70423823595047,0.4856970012187958,0.31073087453842163,0.7403132319450378,0.5620372295379639,0.7965234518051147,0.6289772391319275,0.815915048122406,0.7026039958000183,0.7641636729240417,0.7499173879623413,0.6702880859375,0.4930834472179413,0.2909906506538391,0.7258940935134888,0.568153440952301,0.6883061528205872,0.5886371731758118,0.6748577952384949,0.5852034091949463,0.6969938278198242,0.654714822769165,0.6508498787879944,0.7431274056434631,0.4531797468662262,0.5942473411560059,0.7815362811088562,0.7542263269424438,0.6275339722633362,0.6170933842658997,0.6328834295272827,0.8275924324989319,0.6661004424095154,0.8096929788589478,0.6894447207450867,0.7550551295280457,0.8799660205841064,0.6067792177200317,0.2850474417209625,0.607200026512146,0.64219069480896,0.6516812443733215,0.6430478692054749,0.7199509143829346,0.4000728130340576,0.47640782594680786,0.59095299243927,0.6384523510932922,0.14902973175048828,0.7917780876159668,0.6110700964927673,0.7836868762969971,0.5839874148368835,0.6416046619415283,0.5078176259994507,0.8488196134567261,0.8117918968200684,0.7379277348518372,0.5958480834960938,0.6007585525512695,0.7987876534461975,0.4378259479999542,0.631659746170044,0.7319508790969849,0.6453456878662109,0.7715990543365479,0.4583716094493866,0.6250710487365723,0.6255073547363281,0.5390259623527527,0.6668440103530884,0.5612756013870239,0.5584253072738647,0.42901700735092163,0.658639132976532,0.5634417533874512,0.47869014739990234,0.580649197101593,0.5289389491081238
D,0.6850815415382385,0.7965750694274902,0.7040368318557739,0.5622695684432983,0.6211647987365723,0.5239846110343933,0.6278231739997864,0.5471353530883789,0.5030723810195923,0.541419267654419,0.456781268119812,0.602942705154419,0.6266871690750122,0.6021655797958374,0.6522750854492188,0.5075207352638245,0.4254592955112457,0.33990222215652466,0.48108339309692383,0.35182997584342957,0.4499628245830536,0.5606095194816589,0.6336192488670349,0.5671723484992981,0.5580845475196838,0.49851804971694946,0.5269820690155029,0.5704588890075684,0.5433065891265869,0.5594115853309631,0.5608108639717102,0.798000156879425,0.45160746574401855,0.42193007469177246,0.4174894392490387,0.4198749363422394,0.4751582443714142,0.5719718933105469,0.5394183993339539,0.6247044205665588,0.6368335485458374,0.699361264705658,0.5792679190635681,0.7566738724708557,0.3404882550239563,0.5855183601379395,0.5001884698867798,0.4371339976787567,0.4850180447101593,0.5050112009048462,0.7878976464271545,0.597420334815979,0.49742603302001953,0.6738844513893127,0.43195241689682007,0.5983626246452332,0.477763295173645,0.6922227740287781,0.47595348954200745,0.6270357370376587,0.6109126806259155,0.5083313584327698,0.47084158658981323,0.608552873134613,0.6844696402549744,0.6285306215286255,0.4099893569946289,0.23502321541309357,0.6646055579185486,0.4863295555114746,0.7208157777786255,0.553269624710083,0.7402073740959167,0.6268962621688843,0.6884559392929077,0.674209713935852,0.5945804119110107,0.4173758029937744,0.21528299152851105,0.6501864194869995,0.49244576692581177,0.6125984787940979,0.5129295587539673,0.5991501212120056,0.509495735168457,0.621286153793335,0.5790071487426758,0.5751422643661499,0.6674196720123291,0.37747204303741455,0.5185396671295166,0.7058286070823669,0.6785187125205994,0.5518263578414917,0.5413857102394104,0.5571757555007935,0.7518847584724426,0.5903927683830261,0.7339853048324585,0.6137370467185974,0.6793474555015564,0.8042583465576172,0.5310714840888977,0.20933978259563446,0.5314923524856567,0.5664830207824707,0.575973629951477,0.5673401951789856,0.6442431807518005,0.32436513900756836,0.400700181722641,0.5152453184127808,0.562744677066803,0.07332208007574081,0.7160704731941223,0.5353624224662781,0.7060041427612305,0.5082797408103943,0.5658969879150391,0.4321099519729614,0.7731119990348816,0.7360842823982239,0.6622200012207031,0.5201403498649597,0.525050938129425,0.7230799794197083,0.36211830377578735,0.5559519529342651,0.6562432646751404,0.5696379542350769,0.6958913803100586,0.3826639652252197,0.549363374710083,0.5497996807098389,0.4633182883262634,0.5911363363265991,0.48556795716285706,0.4827176332473755,0.35330936312675476,0.5829314589500427,0.48773398995399475,0.4029825031757355,0.504941463470459,0.4532313048839569
I,0.7836584448814392,0.8951519727706909,0.8026137351989746,0.6608465313911438,0.7197417616844177,0.622561514377594,0.7283751368522644,0.6457122564315796,0.601649284362793,0.6399961709976196,0.5553581714630127,0.703494668006897,0.727239191532135,0.7007425427436829,0.7508519887924194,0.6060976386070251,0.5240362286567688,0.43847912549972534,0.5816353559494019,0.45040690898895264,0.550514817237854,0.6591864824295044,0.7321962118148804,0.6657492518424988,0.6586365103721619,0.5990700721740723,0.6255589127540588,0.6710109114646912,0.6438584923744202,0.6579884886741638,0.6613628268241882,0.8965770602226257,0.5501843690872192,0.5205069780349731,0.516066312789917,0.5184518694877625,0.5757102370262146,0.6705487966537476,0.6379953622817993,0.7232813239097595,0.7373854517936707,0.7979381680488586,0.6778448820114136,0.8552508354187012,0.43906521797180176,0.6840952634811401,0.5987653732299805,0.5376860499382019,0.5835949778556824,0.605563223361969,0.8864746689796448,0.6959972381591797,0.5960029363632202,0.7724612951278687,0.5305293798446655,0.6969395875930786,0.5763401389122009,0.7927747368812561,0.5765054225921631,0.7256126403808594,0.7094895243644714,0.6069083213806152,0.5694184899330139,0.7071298360824585,0.783046543598175,0.7271075248718262,0.5085663199424744,0.33360013365745544,0.7631824612617493,0.5849064588546753,0.819392740726471,0.6518464684486389,0.8387842774391174,0.7254732251167297,0.789007842540741,0.7727867364883423,0.6931573152542114,0.5159526467323303,0.3138599991798401,0.7487632632255554,0.5910226702690125,0.7111754417419434,0.6115064024925232,0.6997020244598389,0.6080726385116577,0.7198631167411804,0.677584171295166,0.6737192273139954,0.7659966945648193,0.4760489761829376,0.6190916299819946,0.8044055104255676,0.7770956158638,0.6504032611846924,0.6399626135826111,0.6577277183532715,0.8504616618156433,0.6889696717262268,0.832562267780304,0.7123139500617981,0.7779243588447571,0.9028352499008179,0.6316235065460205,0.3079167306423187,0.6300693154335022,0.6670349836349487,0.6765255331993103,0.6659170985221863,0.742820143699646,0.42294207215309143,0.5012521743774414,0.6138222217559814,0.6613215804100037,0.1718990057706833,0.814647376537323,0.6359143853187561,0.8065561652183533,0.6088317036628723,0.6644738912582397,0.5306868553161621,0.8716889023780823,0.8346611857414246,0.7607969045639038,0.6187173128128052,0.623627781867981,0.8216568827629089,0.4606952369213104,0.6565039753913879,0.7567952871322632,0.6701899170875549,0.7944682836532593,0.481240838766098,0.6479402184486389,0.6503516435623169,0.5618951916694641,0.6916882991790771,0.5841448903083801,0.5832696557044983,0.45188629627227783,0.6815083622932434,0.5882860422134399,0.5015593767166138,0.6054934859275818,0.5537833571434021
P,0.835841178894043,0.9473345875740051,0.8547964692115784,0.7130290865898132,0.7719243764877319,0.6747441291809082,0.7805578112602234,0.6978948712348938,0.6538318991661072,0.6921788454055786,0.6075407862663269,0.755677342414856,0.7794218063354492,0.7529251575469971,0.8030346035957336,0.6582802534103394,0.5762189030647278,0.49066177010536194,0.6318429708480835,0.5025894641876221,0.6026973724365234,0.7113690972328186,0.7843788266181946,0.7179319262504578,0.7088440656661987,0.6492776274681091,0.6777415871620178,0.7231935262680054,0.6940661072731018,0.710171103477478,0.7135455012321472,0.9487596750259399,0.6023669838905334,0.5726895928382874,0.568248987197876,0.5706345438957214,0.6259178519248962,0.7227314710617065,0.6901779770851135,0.7754639387130737,0.7875931262969971,0.8501207828521729,0.7300275564193726,0.9074334502220154,0.49124789237976074,0.7362779378890991,0.6509479880332947,0.587893545627594,0.6357775926589966,0.657745897769928,0.9386574029922485,0.7481798529624939,0.6481856107711792,0.8246439099311829,0.5827120542526245,0.749122142791748,0.6285228133201599,0.8429822325706482,0.6267130374908447,0.7777952551841736,0.7616721391677856,0.6590909361839294,0.6216011643409729,0.7593125104904175,0.835229218006134,0.7792901396751404,0.5607488751411438,0.38578274846076965,0.8153650760650635,0.6370891332626343,0.8715753555297852,0.7040291428565979,0.8909668922424316,0.7776558995246887,0.8411905169487,0.8249692320823669,0.7453399896621704,0.5681353211402893,0.3660425543785095,0.8009459972381592,0.6432052850723267,0.7633579969406128,0.6636890769004822,0.7499096393585205,0.6602552533149719,0.7720457315444946,0.729766845703125,0.7259018421173096,0.8181793093681335,0.5282316207885742,0.6692992448806763,0.8565881252288818,0.8292782306671143,0.7025858759880066,0.6921452879905701,0.7079353332519531,0.9026442766189575,0.741152286529541,0.8847448825836182,0.7644965648651123,0.8301069736480713,0.9550178647041321,0.6838061809539795,0.3600994050502777,0.6822519302368164,0.7172425985336304,0.7287082076072693,0.7180997133255005,0.7950027585029602,0.47512468695640564,0.5514597296714783,0.6660048961639404,0.7135042548179626,0.2240816205739975,0.8668299913406372,0.6880971193313599,0.8587387800216675,0.659039318561554,0.716656506061554,0.5828695297241211,0.9238715171813965,0.8868439197540283,0.8129796385765076,0.6708999276161194,0.6758104562759399,0.8738395571708679,0.512877881526947,0.7086866497993469,0.8089779019355774,0.7203975319862366,0.8466508984565735,0.5334234833717346,0.7001228928565979,0.7025342583656311,0.6140778064727783,0.741895854473114,0.6363275051116943,0.6334772109985352,0.504068911075592,0.7336910367012024,0.6384936571121216,0.5537420511245728,0.6557011008262634,0.6059659719467163
A,0.7381987571716309,0.8496922850608826,0.757154107093811,0.6153867840766907,0.6742820143699646,0.5771018266677856,0.6809403896331787,0.6002525091171265,0.5561895966529846,0.594536542892456,0.5098984837532043,0.6560599207878113,0.6798044443130493,0.6552827954292297,0.7053923010826111,0.5606379508972168,0.47857657074928284,0.3930194675922394,0.5342006683349609,0.40297210216522217,0.5030800700187683,0.613726794719696,0.6867364048957825,0.6202895641326904,0.6112017631530762,0.5516352653503418,0.5800992846488953,0.6235761642456055,0.5964238047599792,0.6125288009643555,0.6139281392097473,0.8511174321174622,0.5047246813774109,0.4750472903251648,0.47060665488243103,0.4729922115802765,0.5282754898071289,0.6250891089439392,0.5925356149673462,0.6778216361999512,0.6899507641792297,0.7524785399436951,0.6323851943016052,0.8097912073135376,0.3936055600643158,0.6386355757713318,0.5533056855201721,0.49025124311447144,0.5381352305412292,0.5581284165382385,0.8410149812698364,0.6505375504493713,0.5505432486534119,0.7270016670227051,0.4850696325302124,0.651479959487915,0.5308805108070374,0.7453399896621704,0.5290707349777222,0.680152952671051,0.6640298962593079,0.5614485740661621,0.5239588022232056,0.6616700887680054,0.7375869154930115,0.6816478371620178,0.46310657262802124,0.2881404161453247,0.7177228331565857,0.5394467711448669,0.7739329934120178,0.6063868403434753,0.7933245897293091,0.6800135374069214,0.7415731549263,0.7273269295692444,0.6476976275444031,0.47049298882484436,0.2684001922607422,0.7033036351203918,0.5455629825592041,0.6657156944274902,0.5660467743873596,0.652267336845398,0.5626129508018494,0.6724283695220947,0.6321243643760681,0.6282594799995422,0.7205368876457214,0.4305892884731293,0.5716568827629089,0.758945882320404,0.7316359877586365,0.604943573474884,0.5945029258728027,0.6102929711341858,0.8050018548965454,0.6435100436210632,0.7871025204658508,0.6668542623519897,0.7324646711349487,0.8573756217956543,0.5841887593269348,0.2624569833278656,0.5846095681190491,0.619600236415863,0.6290908455848694,0.6204574108123779,0.6973604559898376,0.3774823546409607,0.45381736755371094,0.5683625340461731,0.6158618927001953,0.12643928825855255,0.7691877484321594,0.5884796380996704,0.7591214179992676,0.5613969564437866,0.617039144039154,0.48522716760635376,0.8262292742729187,0.789201557636261,0.7153372764587402,0.5732576251029968,0.5781681537628174,0.7761972546577454,0.4152355194091797,0.609069287776947,0.7093604803085327,0.622755229473114,0.7490085959434509,0.43578118085861206,0.6024805903434753,0.602916955947876,0.5164355039596558,0.6442535519599915,0.538685142993927,0.5358349084854126,0.4064265787601471,0.6360486745834351,0.5408512949943542,0.4560996890068054,0.5580587387084961,0.5063484907150269
F,0.7075325846672058,0.8190260529518127,0.7264878153800964,0.5847206115722656,0.6436158418655396,0.5464356541633606,0.6502742767333984,0.5695863366127014,0.5255233645439148,0.5638703107833862,0.4792323410511017,0.6253937482833862,0.6491382718086243,0.6246166825294495,0.6747260689735413,0.529971718788147,0.4479103684425354,0.36235320568084717,0.5035343766212463,0.37428098917007446,0.4724138379096985,0.5830605030059814,0.6560702919960022,0.5896233320236206,0.5805356502532959,0.5209690928459167,0.5494330525398254,0.5929100513458252,0.5657575726509094,0.5818626284599304,0.5832619667053223,0.8204511404037476,0.47405844926834106,0.44438105821609497,0.4399404227733612,0.44232600927352905,0.4976092576980591,0.5944228768348694,0.5618693828582764,0.6471554040908813,0.6592845320701599,0.7218122482299805,0.6017189025878906,0.7791248559951782,0.36293932795524597,0.6079694628715515,0.5226395726203918,0.4595850706100464,0.5074689984321594,0.5274622440338135,0.8103487491607666,0.6198713183403015,0.519877016544342,0.6963354349136353,0.45440348982810974,0.6208136677742004,0.5002142786979675,0.7146736979484558,0.49840447306632996,0.649486780166626,0.633363664150238,0.5307824015617371,0.49329257011413574,0.6310039162635803,0.7069206833839417,0.650981605052948,0.4324403405189514,0.25747421383857727,0.6870566010475159,0.5087805390357971,0.743266761302948,0.5757206082344055,0.762658417224884,0.6493473052978516,0.710906982421875,0.6966607570648193,0.6170313954353333,0.4398268759250641,0.23773407936096191,0.6726374626159668,0.514896810054779,0.6350495219230652,0.5353805422782898,0.6216011643409729,0.5319468379020691,0.6437371373176575,0.6014582514762878,0.5975932478904724,0.6898707151412964,0.39992302656173706,0.5409907102584839,0.7282795906066895,0.7009697556495667,0.574277400970459,0.5638366937637329,0.5796268582344055,0.7743357419967651,0.6128437519073486,0.7564364075660706,0.6361881494522095,0.7017984986305237,0.8267094492912292,0.5535226464271545,0.23179085552692413,0.5539433360099792,0.5889341235160828,0.5984246134757996,0.5897911787033081,0.6666942238807678,0.34681621193885803,0.4231511652469635,0.537696361541748,0.5851956605911255,0.09577316045761108,0.7385214567184448,0.5578134059906006,0.7284553050994873,0.5307307243347168,0.5883479714393616,0.4545609652996063,0.7955629825592041,0.7585354447364807,0.6846710443496704,0.542591392993927,0.5475019216537476,0.7455309629440308,0.38456928730010986,0.5784030556678772,0.6786942481994629,0.5920889973640442,0.7183424830436707,0.4051150381565094,0.5718143582344055,0.5722507238388062,0.4857693612575531,0.6135873198509216,0.508018970489502,0.5051687359809875,0.37576034665107727,0.6053824424743652,0.5101851224899292,0.425433486700058,0.5273925065994263,0.4756823778152466
L,0.6299014687538147,0.7413949966430664,0.6488568186759949,0.5070895552635193,0.5659847855567932,0.46880456805229187,0.5746181607246399,0.4919552505016327,0.4478922486305237,0.4862391948699951,0.40160128474235535,0.5497376918792725,0.5734821557998657,0.5469855666160583,0.5970950126647949,0.45234063267707825,0.3702792525291443,0.28472214937210083,0.4259033203125,0.29664987325668335,0.3967578113079071,0.5054294466972351,0.5784392356872559,0.5119922757148743,0.5029045343399048,0.4433380365371704,0.4718019366264343,0.5172539353370667,0.4881264567375183,0.5042315125465393,0.5076059103012085,0.742820143699646,0.39642733335494995,0.36675000190734863,0.3623093366622925,0.36469489336013794,0.41997817158699036,0.5167917609214783,0.48423829674720764,0.569524347782135,0.5816534161567688,0.6441812515258789,0.5240878462791443,0.7014937996864319,0.28530821204185486,0.5303383469581604,0.4450084865093231,0.38195401430130005,0.4298379421234131,0.4518062174320221,0.7327176928520203,0.5422402024269104,0.4422459304332733,0.6187043190002441,0.376772403717041,0.5431826114654541,0.4225831627845764,0.6370426416397095,0.4207734167575836,0.5718556642532349,0.5557325482368469,0.45315131545066833,0.415661484003067,0.5533728003501892,0.6292896270751953,0.5733504891395569,0.35480931401252747,0.17984312772750854,0.6094255447387695,0.4311494827270508,0.6656356453895569,0.4980894923210144,0.6850273609161377,0.5717162489891052,0.6352509260177612,0.619029700756073,0.5394003391265869,0.362195760011673,0.1601029634475708,0.5950063467025757,0.4372657835483551,0.5574184656143188,0.4577494263648987,0.5439700484275818,0.45431575179100037,0.5661060810089111,0.5238271355628967,0.5199621915817261,0.61223965883255,0.3222919702529907,0.4633595943450928,0.6506485342979431,0.6233386397361755,0.49664631485939026,0.4862056374549866,0.5019957423210144,0.696704626083374,0.5352126955986023,0.6788052916526794,0.5585570335388184,0.6241673827171326,0.7490783333778381,0.477866530418396,0.15415973961353302,0.4763123095035553,0.5113030076026917,0.5227685570716858,0.5121601223945618,0.5890631675720215,0.2691851258277893,0.34552010893821716,0.46006521582603455,0.5075646042823792,0.01814209297299385,0.6608904004096985,0.482157438993454,0.652799129486084,0.45309966802597046,0.5107169151306152,0.3769298493862152,0.7179319262504578,0.6809042096138,0.6070399284362793,0.46496033668518066,0.46987080574035645,0.6678999066352844,0.30693820118904114,0.5027469992637634,0.6030382513999939,0.5144578814506531,0.6407113671302795,0.3274839222431183,0.4941832423210144,0.49659463763237,0.40813830494880676,0.5359562039375305,0.4303878843784332,0.4275376498699188,0.29812923073768616,0.5277513861656189,0.4325540065765381,0.34780237078666687,0.44976142048835754,0.4000263214111328
R,0.6895557045936584,0.8010492920875549,0.7085110545158386,0.566743791103363,0.625639021396637,0.528458833694458,0.6342724561691284,0.551609456539154,0.5075465440750122,0.5458934903144836,0.4612555205821991,0.6074168682098389,0.6311613917350769,0.6066398620605469,0.6567492485046387,0.5119948983192444,0.4299335181713104,0.3443763852119446,0.4855576455593109,0.3563041388988495,0.4544369876384735,0.5650836825370789,0.6380934715270996,0.5716465711593628,0.5625587701797485,0.5029922723770142,0.5314562320709229,0.5769081711769104,0.5477806925773621,0.5638857483863831,0.5672601461410522,0.8024743795394897,0.4560816287994385,0.4264042377471924,0.4219636023044586,0.4243491590023041,0.4796324074268341,0.5764460563659668,0.5438925623893738,0.6291785836219788,0.6413077712059021,0.7038354873657227,0.583742082118988,0.7611481547355652,0.3449624478816986,0.5899925827980042,0.5046626925468445,0.4416082501411438,0.489492267370224,0.5094854235649109,0.792371928691864,0.6018944978713989,0.5019001364707947,0.6783586144447327,0.43642666935920715,0.6028368473052979,0.4822375178337097,0.696696937084198,0.480427622795105,0.6315099000930786,0.6153867840766907,0.5128055214881897,0.47531571984291077,0.613027036190033,0.6889438629150391,0.6330047249794006,0.414463609457016,0.2394973635673523,0.6690797805786133,0.4908038079738617,0.7252899408340454,0.5577437877655029,0.7446815371513367,0.631370484828949,0.6929301023483276,0.6786839365959167,0.5990545749664307,0.4218500256538391,0.21975724399089813,0.6546605825424194,0.49691998958587646,0.6170727014541626,0.5174037218093872,0.6036242842674255,0.5139699578285217,0.6257603764533997,0.5834813714027405,0.5796164274215698,0.6718938946723938,0.3819462060928345,0.5230138301849365,0.7103027701377869,0.6829928755760193,0.5563005208969116,0.5458598732948303,0.5616499781608582,0.7563589215278625,0.594866931438446,0.7384594678878784,0.6182112693786621,0.6838216185569763,0.8087325692176819,0.5355457663536072,0.21381402015686035,0.5359666347503662,0.5709572434425354,0.5804477334022522,0.5718143582344055,0.6487174034118652,0.32883939146995544,0.4051743149757385,0.5197196006774902,0.5672188401222229,0.0777963250875473,0.720544695854187,0.5398366451263428,0.7124534845352173,0.5127539038658142,0.570371150970459,0.43658411502838135,0.7775862216949463,0.7405585050582886,0.6666942238807678,0.5246145725250244,0.529525101184845,0.7275541424751282,0.3665924668312073,0.5604261755943298,0.6607174277305603,0.5741121768951416,0.7003656029701233,0.3871382176876068,0.5538375377655029,0.5542738437652588,0.4677925407886505,0.595610499382019,0.49004217982292175,0.4871918857097626,0.3577835261821747,0.5874056220054626,0.49220824241638184,0.407456636428833,0.5094156265258789,0.457705557346344
K,0.7435998320579529,0.8550933003425598,0.7625552415847778,0.6207879185676575,0.6796830892562866,0.5825029015541077,0.6863414645195007,0.6056535840034485,0.5615906119346619,0.5999375581741333,0.5152995586395264,0.6614609360694885,0.6852055191993713,0.6606839299201965,0.7107933759689331,0.566038966178894,0.4839775860309601,0.3984204828739166,0.5396016836166382,0.4083732068538666,0.5084810853004456,0.6191278100013733,0.6921375393867493,0.6256906390190125,0.6166028380393982,0.5570363998413086,0.5855002999305725,0.6289772391319275,0.6018248200416565,0.6179298162460327,0.6193292140960693,0.8565184473991394,0.5101256966590881,0.48044830560684204,0.4760076701641083,0.4783932566642761,0.5336765050888062,0.6304901242256165,0.5979366302490234,0.6832226514816284,0.6953518390655518,0.7578795552253723,0.6358112096786499,0.8132171630859375,0.39900657534599304,0.6440367102622986,0.5587067604064941,0.49565234780311584,0.5435362458229065,0.5635295510292053,0.8464160561561584,0.6559385657310486,0.5559442639350891,0.7324026823043823,0.4904707372188568,0.6568809747695923,0.5362815856933594,0.7507409453392029,0.5344717502593994,0.685554027557373,0.6674558520317078,0.5668496489524841,0.5293598175048828,0.6670712232589722,0.7429879307746887,0.6870488524436951,0.46653255820274353,0.29354149103164673,0.7231237888336182,0.5448477864265442,0.7793340086936951,0.6117878556251526,0.7987256646156311,0.6854146122932434,0.7469742298126221,0.7327280044555664,0.6530986428260803,0.47589409351348877,0.2738012969493866,0.7087047100067139,0.5509640574455261,0.671116828918457,0.5714477896690369,0.6576683521270752,0.5680140256881714,0.677829384803772,0.6375254392623901,0.6336604952812195,0.7259379625320435,0.4359903037548065,0.577057957649231,0.7643468379974365,0.737036943435669,0.610344648361206,0.59990394115448,0.6156941056251526,0.8104029893875122,0.6489110589027405,0.7925036549568176,0.6722553372383118,0.737865686416626,0.8627767562866211,0.5895898938179016,0.26785808801651,0.5900107026100159,0.6250013113021851,0.6344918608665466,0.6258584260940552,0.7027615308761597,0.3828834593296051,0.45921844244003296,0.5737635493278503,0.6212629079818726,0.13184039294719696,0.7745887637138367,0.5938807725906372,0.7645225524902344,0.5667980313301086,0.6224402189254761,0.490628182888031,0.8316302299499512,0.7926275730133057,0.720738410949707,0.5786586403846741,0.5835691690444946,0.7815982103347778,0.42063653469085693,0.6144703030586243,0.7147614359855652,0.6281562447547913,0.754409670829773,0.44118228554725647,0.6078816056251526,0.6083179712295532,0.5218365788459778,0.6496545672416687,0.5440861582756042,0.5412359833717346,0.41182759404182434,0.6414496898651123,0.5462523698806763,0.46150073409080505,0.5634597539901733,0.5117496848106384
Q,0.7103983163833618,0.8218918442726135,0.7293536067008972,0.5875863432884216,0.6464815735816956,0.5493013858795166,0.655115008354187,0.5724520683288574,0.5283890962600708,0.5667359828948975,0.4820980727672577,0.6302345395088196,0.6539790034294128,0.6274824142456055,0.677591860294342,0.5328375101089478,0.45077604055404663,0.36521902680397034,0.5064002275466919,0.37714675068855286,0.4772546589374542,0.5859262943267822,0.6589360237121582,0.5924891233444214,0.5834013223648071,0.5238348245620728,0.5522988438606262,0.5977507829666138,0.5686232447624207,0.5847283601760864,0.5881026983261108,0.8233169317245483,0.47692418098449707,0.447246789932251,0.4428061544895172,0.4451916813850403,0.5004750490188599,0.5972886681556702,0.5647352337837219,0.6500212550163269,0.664125382900238,0.7246780395507812,0.6045846939086914,0.7819907069206238,0.3658050000667572,0.6108351945877075,0.5255052447319031,0.4624508023262024,0.510334849357605,0.5323030352592468,0.8132144808769226,0.6227371692657471,0.5227426886558533,0.6992011666297913,0.45726919174194336,0.6236793994903564,0.5030800700187683,0.7175394892692566,0.5012701749801636,0.652352511882782,0.636229395866394,0.5336481332778931,0.4961583614349365,0.6338696479797363,0.7097864747047424,0.653847336769104,0.4353061616420746,0.2603399157524109,0.6899223327636719,0.5116463899612427,0.746132493019104,0.5785862803459167,0.76552414894104,0.6522130966186523,0.7157477736473083,0.6995264887809753,0.6198971271514893,0.4426926076412201,0.24059979617595673,0.6755031943321228,0.5177625417709351,0.6379152536392212,0.538246214389801,0.6244668364524841,0.5348125100135803,0.6466029286384583,0.6043239235877991,0.6004590392112732,0.6927364468574524,0.40278884768486023,0.5438564419746399,0.7311453819274902,0.7038354873657227,0.577143132686615,0.5667025446891785,0.5824925303459167,0.7772015333175659,0.6157095432281494,0.7593021392822266,0.6390538811683655,0.7046642303466797,0.8295751214027405,0.5583633780479431,0.23465654253959656,0.5568091869354248,0.591799795627594,0.6032654047012329,0.5926570296287537,0.6695599555969238,0.34968194365501404,0.42601698637008667,0.540562093257904,0.5880613923072815,0.09863888472318649,0.7413872480392456,0.5626542568206787,0.7332960367202759,0.5355715751647949,0.5912137627601624,0.4574267268180847,0.7984287738800049,0.7614010572433472,0.6875367760658264,0.545457124710083,0.5503675937652588,0.7483966946601868,0.38743510842323303,0.5832437872886658,0.683535099029541,0.5949546694755554,0.7212081551551819,0.4079807698726654,0.5746801495552063,0.5770915150642395,0.4886350929737091,0.6164531111717224,0.5108847618103027,0.5080344080924988,0.3786260783672333,0.6082482933998108,0.5130507946014404,0.42829927802085876,0.530258297920227,0.48052316904067993
A,0.8808232545852661,0.992316722869873,0.8997784852981567,0.7580112218856812,0.8169064521789551,0.7197263240814209,0.8235647678375244,0.7428768277168274,0.6988139152526855,0.737160861492157,0.6525229215621948,0.7986844182014465,0.8224287629127502,0.797907292842865,0.8480166792869568,0.7032623887062073,0.6212009191513062,0.5356438159942627,0.6768251061439514,0.5455965995788574,0.645704448223114,0.7563511729240417,0.8293609023094177,0.7629141211509705,0.7538262605667114,0.6942597031593323,0.722723662853241,0.7662005424499512,0.739048182964325,0.755153238773346,0.756552517414093,0.9937418103218079,0.6473490595817566,0.6176716685295105,0.6132310032844543,0.6156165599822998,0.6708999276161194,0.7677134275436401,0.7351599335670471,0.8204460740089417,0.832575261592865,0.8951029181480408,0.7730345726013184,0.9504404664039612,0.5362299084663391,0.781260073184967,0.6959301233291626,0.6328756809234619,0.6807596683502197,0.700752854347229,0.9836394190788269,0.793161928653717,0.6931676268577576,0.8696260452270508,0.6276940703392029,0.794104278087616,0.6735049486160278,0.8879643678665161,0.6716951131820679,0.8227774500846863,0.8046791553497314,0.7040730118751526,0.666583240032196,0.8023194074630737,0.8802112936973572,0.8242721557617188,0.6037559509277344,0.4307648241519928,0.8603472113609314,0.6820712089538574,0.9165574312210083,0.7490111589431763,0.9359490871429443,0.8226379156112671,0.884197473526001,0.8699514269828796,0.790321946144104,0.6131174564361572,0.41102465987205505,0.8459280133247375,0.6881874203681946,0.8083401322364807,0.7086710929870605,0.7948917746543884,0.7052373886108398,0.8150527477264404,0.7747487425804138,0.7708839178085327,0.8631613850593567,0.5732136368751526,0.7142812013626099,0.9015702605247498,0.8742603659629822,0.7475680708885193,0.7371272444725037,0.7529173493385315,0.9456512928009033,0.7861344218254089,0.9297269582748413,0.8094786405563354,0.8750891089439392,1.0,0.7268132567405701,0.4050814211368561,0.7272340655326843,0.7622247338294983,0.7717152237892151,0.7630817890167236,0.8399848937988281,0.5201067924499512,0.5964418649673462,0.7109869718551636,0.7584862112998962,0.2690637707710266,0.9118121266365051,0.7311041355133057,0.9017457962036133,0.7040213346481323,0.7596636414527893,0.6278515458106995,0.9688536524772644,0.9298508167266846,0.8579616546630859,0.7158820033073425,0.7207925319671631,0.9188216328620911,0.5578599572181702,0.751693606376648,0.8519849181175232,0.7653796076774597,0.8916330337524414,0.5784056186676025,0.7451050877571106,0.7455413341522217,0.6590599417686462,0.7868779301643372,0.6813095808029175,0.6784593462944031,0.5490509271621704,0.7786731719970703,0.6834756731987,0.5987240672111511,0.7006831765174866,0.6489729881286621
D,0.6823371648788452,0.7938306331634521,0.7012924551963806,0.559525191783905,0.618420422077179,0.5212401747703552,0.6270537972450256,0.5443909168243408,0.5003279447555542,0.5386748909950256,0.4540368318557739,0.602173388004303,0.6239428520202637,0.5994211435317993,0.6495306491851807,0.5047762989997864,0.4227149486541748,0.3371577858924866,0.47833895683288574,0.3490855395793915,0.4472183883190155,0.5578650832176208,0.6308748126029968,0.56442791223526,0.5553401708602905,0.49577367305755615,0.5242375731468201,0.5696895718574524,0.540562093257904,0.556667149066925,0.5600415468215942,0.795255720615387,0.44886302947998047,0.4191856384277344,0.4147450029850006,0.41713058948516846,0.4724138379096985,0.5692274570465088,0.5366739630699158,0.6219599843025208,0.6340891122817993,0.6966168880462646,0.57652348279953,0.7539294362068176,0.3377438485622406,0.5827739238739014,0.4974440336227417,0.4343896508216858,0.4822736084461212,0.5022667646408081,0.785153329372406,0.5946758985519409,0.49468156695365906,0.6711400151252747,0.42920807003974915,0.5956181883811951,0.47501885890960693,0.68947833776474,0.47320905327796936,0.6242913007736206,0.6081681847572327,0.5055869221687317,0.46809712052345276,0.605808436870575,0.681725263595581,0.6257861852645874,0.4072449207305908,0.23227877914905548,0.6618611812591553,0.4835851192474365,0.7180713415145874,0.5505251884460449,0.7374629974365234,0.624151885509491,0.6857115030288696,0.6714653372764587,0.5918359756469727,0.4146314561367035,0.21253864467144012,0.6474419832229614,0.4897013306617737,0.6098540425300598,0.5101851224899292,0.5964056849479675,0.506751298904419,0.6185416579246521,0.5762627720832825,0.5723978281021118,0.6646752953529358,0.37472760677337646,0.5157952308654785,0.7030841708183289,0.6757742762565613,0.5490819215774536,0.5386412739753723,0.5544313788414001,0.7491403222084045,0.587648332118988,0.7312408685684204,0.6109926104545593,0.6766030192375183,0.8015139698982239,0.5283270478248596,0.20659539103507996,0.5287479162216187,0.5637386441230774,0.5732291340827942,0.5645957589149475,0.6414987444877625,0.3216207027435303,0.3979557454586029,0.5125008821487427,0.5600002408027649,0.07057765126228333,0.7133260369300842,0.53261798620224,0.7052348256111145,0.5055353045463562,0.563152551651001,0.42936551570892334,0.7703675627708435,0.7333399057388306,0.659475564956665,0.5173959732055664,0.522306501865387,0.7203355431556702,0.35937386751174927,0.5532075762748718,0.6534988284111023,0.5668935775756836,0.6931470036506653,0.3799196183681488,0.5466189384460449,0.5470552444458008,0.46057385206222534,0.588391900062561,0.48282352089881897,0.47997328639030457,0.3505649268627167,0.5801870226860046,0.48498964309692383,0.4002380669116974,0.5021970868110657,0.450486958026886
